order_id,order_date,supplier,warehouse,product_category,carrier,quantity,unit_cost,promised_delivery_days,actual_delivery_days,delay_reason,delivery_date,is_on_time,total_cost,delay_days
ORD-0001,2024-11-23,SupplierD,Brussels,Coffee Machines,DB Schenker,493,150.62,5,5,None,2024-11-28,True,74255.66,0
ORD-0002,2024-02-27,SupplierC,Paris,Air Purifiers,FedEx,465,98.92,10,10,None,2024-03-08,True,45997.8,0
ORD-0003,2024-01-13,SupplierE,Amsterdam,Kitchen Appliances,UPS,63,200.07,7,7,None,2024-01-20,True,12604.41,0
ORD-0004,2024-05-20,SupplierA,Amsterdam,Kitchen Appliances,DHL,61,73.99,5,7,None,2024-05-27,False,4513.389999999999,2
ORD-0005,2024-05-05,SupplierE,Paris,Irons,UPS,157,147.56,3,3,None,2024-05-08,True,23166.920000000002,0
ORD-0006,2024-04-24,SupplierA,Paris,Blenders,UPS,169,99.27,3,3,None,2024-04-27,True,16776.63,0
ORD-0007,2024-03-12,SupplierB,Amsterdam,Air Purifiers,UPS,379,169.31,3,6,Warehouse capacity,2024-03-18,False,64168.49,3
ORD-0008,2024-02-22,SupplierA,Brussels,Blenders,UPS,23,71.49,7,9,None,2024-03-02,False,1644.27,2
ORD-0009,2024-12-12,SupplierD,Frankfurt,Irons,FedEx,187,60.02,7,10,Customs clearance,2024-12-22,False,11223.74,3
ORD-0010,2024-10-06,SupplierC,Frankfurt,Kitchen Appliances,DSV,421,230.79,7,8,Carrier delay,2024-10-14,False,97162.59,1
ORD-0011,2024-02-14,SupplierB,Paris,Blenders,DB Schenker,375,38.92,3,3,None,2024-02-17,True,14595.0,0
ORD-0012,2024-10-29,SupplierA,Frankfurt,Blenders,UPS,62,133.9,10,10,None,2024-11-08,True,8301.800000000001,0
ORD-0013,2024-08-04,SupplierE,Amsterdam,Kitchen Appliances,UPS,417,66.9,7,10,None,2024-08-14,False,27897.300000000003,3
ORD-0014,2024-01-17,SupplierB,Amsterdam,Air Purifiers,UPS,344,24.15,5,7,None,2024-01-24,False,8307.6,2
ORD-0015,2024-01-16,SupplierB,Paris,Kitchen Appliances,DSV,31,23.46,3,2,None,2024-01-18,True,727.26,0
ORD-0016,2024-02-17,SupplierA,Paris,Blenders,DHL,39,56.18,3,2,None,2024-02-19,True,2191.02,0
ORD-0017,2024-04-21,SupplierB,Paris,Air Purifiers,DHL,200,218.69,5,5,None,2024-04-26,True,43738.0,0
ORD-0018,2024-04-29,SupplierE,Brussels,Air Purifiers,FedEx,269,81.38,5,7,None,2024-05-06,False,21891.219999999998,2
ORD-0019,2024-09-15,SupplierB,Frankfurt,Kitchen Appliances,DHL,214,238.36,5,10,None,2024-09-25,False,51009.04,5
ORD-0020,2024-11-04,SupplierE,Paris,Blenders,UPS,68,151.68,5,5,None,2024-11-09,True,10314.24,0
ORD-0021,2024-01-14,SupplierA,Rotterdam,Irons,UPS,480,117.6,7,7,None,2024-01-21,True,56448.0,0
ORD-0022,2024-10-14,SupplierC,Rotterdam,Blenders,UPS,273,151.32,3,3,None,2024-10-17,True,41310.36,0
ORD-0023,2024-04-11,SupplierB,Amsterdam,Coffee Machines,FedEx,475,136.42,5,8,Carrier delay,2024-04-19,False,64799.49999999999,3
ORD-0024,2024-11-28,SupplierC,Frankfurt,Irons,UPS,21,193.31,5,7,None,2024-12-05,False,4059.51,2
ORD-0025,2024-12-25,SupplierE,Paris,Air Purifiers,DHL,128,81.39,5,7,Bad weather,2025-01-01,False,10417.92,2
ORD-0026,2024-10-06,SupplierB,Rotterdam,Irons,DSV,424,97.97,7,7,None,2024-10-13,True,41539.28,0
ORD-0027,2024-08-02,SupplierD,Frankfurt,Air Purifiers,DSV,471,225.11,3,3,None,2024-08-05,True,106026.81000000001,0
ORD-0028,2024-04-22,SupplierC,Amsterdam,Air Purifiers,DB Schenker,299,237.42,5,5,None,2024-04-27,True,70988.58,0
ORD-0029,2024-08-17,SupplierB,Brussels,Irons,DHL,347,224.75,5,5,None,2024-08-22,True,77988.25,0
ORD-0030,2024-10-28,SupplierC,Frankfurt,Air Purifiers,UPS,257,113.57,3,5,None,2024-11-02,False,29187.489999999998,2
ORD-0031,2024-05-22,SupplierB,Frankfurt,Air Purifiers,DSV,363,198.39,7,9,Customs clearance,2024-05-31,False,72015.56999999999,2
ORD-0032,2024-01-04,SupplierA,Brussels,Coffee Machines,DHL,136,126.94,3,8,None,2024-01-12,False,17263.84,5
ORD-0033,2024-03-22,SupplierC,Frankfurt,Blenders,DSV,84,131.92,3,8,Customs clearance,2024-03-30,False,11081.279999999999,5
ORD-0034,2024-12-23,SupplierD,Amsterdam,Blenders,UPS,370,63.1,10,10,None,2025-01-02,True,23347.0,0
ORD-0035,2024-08-04,SupplierD,Amsterdam,Coffee Machines,DSV,213,153.92,10,11,Bad weather,2024-08-15,False,32784.96,1
ORD-0036,2024-06-23,SupplierE,Brussels,Irons,DB Schenker,58,58.74,7,10,None,2024-07-03,False,3406.92,3
ORD-0037,2024-05-22,SupplierB,Paris,Kitchen Appliances,DB Schenker,88,92.92,5,7,None,2024-05-29,False,8176.96,2
ORD-0038,2024-03-20,SupplierC,Rotterdam,Kitchen Appliances,DSV,450,215.93,3,3,None,2024-03-23,True,97168.5,0
ORD-0039,2024-04-20,SupplierE,Paris,Kitchen Appliances,DHL,488,63.66,7,7,None,2024-04-27,True,31066.079999999998,0
ORD-0040,2024-06-21,SupplierC,Frankfurt,Coffee Machines,DHL,250,31.72,5,5,None,2024-06-26,True,7930.0,0
ORD-0041,2024-02-22,SupplierB,Rotterdam,Coffee Machines,DHL,358,31.22,3,6,Carrier delay,2024-02-28,False,11176.76,3
ORD-0042,2024-02-17,SupplierD,Brussels,Air Purifiers,DSV,163,236.08,5,5,None,2024-02-22,True,38481.04,0
ORD-0043,2024-07-13,SupplierA,Brussels,Kitchen Appliances,DHL,283,134.13,3,3,None,2024-07-16,True,37958.79,0
ORD-0044,2024-02-19,SupplierD,Rotterdam,Irons,UPS,105,111.21,10,10,None,2024-02-29,True,11677.05,0
ORD-0045,2024-07-02,SupplierE,Amsterdam,Irons,DB Schenker,223,205.56,5,5,None,2024-07-07,True,45839.88,0
ORD-0046,2024-06-25,SupplierA,Rotterdam,Kitchen Appliances,UPS,303,211.42,7,7,None,2024-07-02,True,64060.259999999995,0
ORD-0047,2024-11-05,SupplierE,Frankfurt,Kitchen Appliances,DHL,218,93.06,5,5,None,2024-11-10,True,20287.08,0
ORD-0048,2024-05-15,SupplierB,Amsterdam,Kitchen Appliances,UPS,352,178.0,5,5,None,2024-05-20,True,62656.0,0
ORD-0049,2024-01-23,SupplierA,Brussels,Coffee Machines,DHL,97,196.21,5,5,None,2024-01-28,True,19032.37,0
ORD-0050,2024-08-23,SupplierE,Rotterdam,Coffee Machines,DSV,315,168.84,3,4,None,2024-08-27,False,53184.6,1
ORD-0051,2024-10-01,SupplierB,Paris,Coffee Machines,UPS,273,50.62,10,10,None,2024-10-11,True,13819.259999999998,0
ORD-0052,2024-03-04,SupplierD,Paris,Blenders,DSV,434,220.83,7,9,None,2024-03-13,False,95840.22,2
ORD-0053,2024-07-12,SupplierB,Frankfurt,Irons,DSV,399,141.69,10,10,None,2024-07-22,True,56534.31,0
ORD-0054,2024-02-10,SupplierC,Paris,Irons,FedEx,334,81.38,7,7,None,2024-02-17,True,27180.92,0
ORD-0055,2024-10-09,SupplierB,Rotterdam,Air Purifiers,DHL,437,114.93,5,7,Carrier delay,2024-10-16,False,50224.41,2
ORD-0056,2024-05-30,SupplierB,Rotterdam,Coffee Machines,DB Schenker,386,23.83,10,10,None,2024-06-09,True,9198.38,0
ORD-0057,2024-11-17,SupplierC,Paris,Blenders,DHL,329,45.05,3,3,None,2024-11-20,True,14821.449999999999,0
ORD-0058,2024-11-12,SupplierE,Rotterdam,Blenders,DB Schenker,166,194.9,3,2,None,2024-11-14,True,32353.4,0
ORD-0059,2024-07-04,SupplierE,Frankfurt,Irons,DHL,165,15.0,3,4,None,2024-07-08,False,2475.0,1
ORD-0060,2024-10-22,SupplierB,Amsterdam,Coffee Machines,DSV,148,112.89,5,5,None,2024-10-27,True,16707.72,0
ORD-0061,2024-04-08,SupplierC,Frankfurt,Air Purifiers,UPS,130,137.79,5,6,None,2024-04-14,False,17912.7,1
ORD-0062,2024-12-26,SupplierC,Frankfurt,Coffee Machines,UPS,74,27.84,5,5,None,2024-12-31,True,2060.16,0
ORD-0063,2024-02-05,SupplierD,Rotterdam,Kitchen Appliances,FedEx,116,243.67,7,7,None,2024-02-12,True,28265.719999999998,0
ORD-0064,2024-01-24,SupplierE,Amsterdam,Coffee Machines,DB Schenker,156,68.14,5,4,None,2024-01-28,True,10629.84,0
ORD-0065,2024-12-04,SupplierA,Rotterdam,Kitchen Appliances,DB Schenker,146,86.49,5,5,None,2024-12-09,True,12627.539999999999,0
ORD-0066,2024-04-26,SupplierE,Brussels,Kitchen Appliances,DB Schenker,420,86.43,5,5,None,2024-05-01,True,36300.600000000006,0
ORD-0067,2024-05-28,SupplierE,Rotterdam,Air Purifiers,DSV,171,69.15,3,3,None,2024-05-31,True,11824.650000000001,0
ORD-0068,2024-02-10,SupplierD,Rotterdam,Irons,DB Schenker,437,15.35,7,7,None,2024-02-17,True,6707.95,0
ORD-0069,2024-04-29,SupplierA,Rotterdam,Coffee Machines,UPS,461,186.4,3,6,None,2024-05-05,False,85930.40000000001,3
ORD-0070,2024-02-21,SupplierD,Amsterdam,Kitchen Appliances,DSV,109,242.21,10,10,None,2024-03-02,True,26400.89,0
ORD-0071,2024-07-13,SupplierA,Rotterdam,Coffee Machines,DHL,347,67.71,7,7,None,2024-07-20,True,23495.37,0
ORD-0072,2024-05-22,SupplierB,Amsterdam,Irons,DB Schenker,408,170.82,3,4,None,2024-05-26,False,69694.56,1
ORD-0073,2024-08-20,SupplierA,Paris,Irons,DB Schenker,316,189.35,3,3,None,2024-08-23,True,59834.6,0
ORD-0074,2024-11-21,SupplierD,Brussels,Blenders,DHL,150,214.38,7,7,None,2024-11-28,True,32157.0,0
ORD-0075,2024-07-05,SupplierE,Amsterdam,Irons,DB Schenker,92,114.32,7,9,None,2024-07-14,False,10517.439999999999,2
ORD-0076,2024-03-24,SupplierA,Paris,Air Purifiers,DHL,186,86.19,7,10,None,2024-04-03,False,16031.34,3
ORD-0077,2024-07-08,SupplierA,Amsterdam,Kitchen Appliances,DSV,207,91.44,7,7,None,2024-07-15,True,18928.079999999998,0
ORD-0078,2024-06-30,SupplierC,Amsterdam,Blenders,UPS,121,182.47,3,6,Warehouse capacity,2024-07-06,False,22078.87,3
ORD-0079,2024-04-17,SupplierE,Brussels,Air Purifiers,DHL,65,206.94,5,5,None,2024-04-22,True,13451.1,0
ORD-0080,2024-12-09,SupplierB,Frankfurt,Coffee Machines,FedEx,469,57.68,3,3,None,2024-12-12,True,27051.92,0
ORD-0081,2024-05-16,SupplierD,Frankfurt,Kitchen Appliances,DHL,188,102.17,7,7,None,2024-05-23,True,19207.96,0
ORD-0082,2024-12-25,SupplierB,Amsterdam,Irons,DB Schenker,430,226.96,7,12,Bad weather,2025-01-06,False,97592.8,5
ORD-0083,2024-12-15,SupplierE,Rotterdam,Kitchen Appliances,DSV,410,204.57,5,5,None,2024-12-20,True,83873.7,0
ORD-0084,2024-11-27,SupplierA,Paris,Coffee Machines,DSV,195,246.44,3,3,None,2024-11-30,True,48055.8,0
ORD-0085,2024-02-06,SupplierA,Rotterdam,Blenders,DHL,480,192.25,5,5,None,2024-02-11,True,92280.0,0
ORD-0086,2024-11-07,SupplierE,Rotterdam,Blenders,UPS,227,107.4,5,5,None,2024-11-12,True,24379.800000000003,0
ORD-0087,2024-11-21,SupplierA,Amsterdam,Blenders,FedEx,422,153.8,7,7,None,2024-11-28,True,64903.600000000006,0
ORD-0088,2024-03-28,SupplierA,Amsterdam,Irons,DSV,426,170.34,7,7,None,2024-04-04,True,72564.84,0
ORD-0089,2024-09-30,SupplierA,Amsterdam,Air Purifiers,DB Schenker,325,33.44,7,7,None,2024-10-07,True,10868.0,0
ORD-0090,2024-05-05,SupplierD,Amsterdam,Air Purifiers,DB Schenker,484,142.96,5,5,None,2024-05-10,True,69192.64,0
ORD-0091,2024-03-24,SupplierD,Frankfurt,Kitchen Appliances,UPS,226,181.69,3,3,None,2024-03-27,True,41061.94,0
ORD-0092,2024-08-24,SupplierC,Amsterdam,Irons,DSV,129,54.32,7,7,None,2024-08-31,True,7007.28,0
ORD-0093,2024-07-13,SupplierB,Frankfurt,Blenders,DHL,448,198.45,7,7,None,2024-07-20,True,88905.59999999999,0
ORD-0094,2024-05-18,SupplierE,Frankfurt,Blenders,DB Schenker,403,152.19,5,5,None,2024-05-23,True,61332.57,0
ORD-0095,2024-11-23,SupplierE,Amsterdam,Coffee Machines,UPS,184,238.77,7,9,None,2024-12-02,False,43933.68,2
ORD-0096,2024-12-18,SupplierE,Brussels,Coffee Machines,DSV,32,24.97,5,5,None,2024-12-23,True,799.04,0
ORD-0097,2024-10-12,SupplierC,Paris,Blenders,DSV,222,77.35,5,5,None,2024-10-17,True,17171.699999999997,0
ORD-0098,2024-04-22,SupplierD,Rotterdam,Blenders,DSV,414,156.37,5,5,None,2024-04-27,True,64737.18,0
ORD-0099,2024-12-16,SupplierC,Frankfurt,Irons,DSV,244,84.69,3,3,None,2024-12-19,True,20664.36,0
ORD-0100,2024-06-15,SupplierE,Paris,Air Purifiers,DSV,22,182.89,3,2,None,2024-06-17,True,4023.58,0
ORD-0101,2024-01-29,SupplierB,Brussels,Coffee Machines,DB Schenker,110,193.37,3,3,None,2024-02-01,True,21270.7,0
ORD-0102,2024-04-27,SupplierA,Rotterdam,Air Purifiers,UPS,426,39.09,7,7,None,2024-05-04,True,16652.34,0
ORD-0103,2024-01-17,SupplierD,Rotterdam,Irons,DSV,33,135.76,5,5,None,2024-01-22,True,4480.08,0
ORD-0104,2024-06-10,SupplierD,Frankfurt,Blenders,FedEx,373,134.59,5,5,None,2024-06-15,True,50202.07,0
ORD-0105,2024-07-24,SupplierC,Amsterdam,Air Purifiers,FedEx,20,101.78,10,10,None,2024-08-03,True,2035.6,0
ORD-0106,2024-05-17,SupplierD,Brussels,Blenders,UPS,282,234.24,5,5,None,2024-05-22,True,66055.68000000001,0
ORD-0107,2024-02-03,SupplierE,Frankfurt,Blenders,DHL,461,209.46,5,5,None,2024-02-08,True,96561.06,0
ORD-0108,2024-04-18,SupplierE,Brussels,Kitchen Appliances,DHL,440,178.84,7,7,None,2024-04-25,True,78689.6,0
ORD-0109,2024-10-17,SupplierC,Amsterdam,Air Purifiers,DHL,290,182.87,5,5,None,2024-10-22,True,53032.3,0
ORD-0110,2024-06-10,SupplierE,Amsterdam,Air Purifiers,FedEx,103,123.5,3,3,None,2024-06-13,True,12720.5,0
ORD-0111,2024-04-18,SupplierB,Frankfurt,Blenders,DHL,210,231.43,5,4,None,2024-04-22,True,48600.3,0
ORD-0112,2024-12-01,SupplierC,Amsterdam,Irons,DB Schenker,30,178.23,3,4,None,2024-12-05,False,5346.9,1
ORD-0113,2024-09-12,SupplierB,Paris,Kitchen Appliances,DSV,349,186.31,10,10,None,2024-09-22,True,65022.19,0
ORD-0114,2024-07-21,SupplierA,Rotterdam,Blenders,FedEx,476,217.5,7,7,None,2024-07-28,True,103530.0,0
ORD-0115,2024-11-25,SupplierB,Frankfurt,Coffee Machines,UPS,220,79.41,7,9,Warehouse capacity,2024-12-04,False,17470.2,2
ORD-0116,2024-08-22,SupplierA,Brussels,Coffee Machines,UPS,149,204.66,7,10,None,2024-09-01,False,30494.34,3
ORD-0117,2024-03-14,SupplierA,Paris,Kitchen Appliances,DSV,302,60.88,7,7,None,2024-03-21,True,18385.760000000002,0
ORD-0118,2024-05-15,SupplierB,Frankfurt,Irons,FedEx,307,96.16,3,3,None,2024-05-18,True,29521.12,0
ORD-0119,2024-03-12,SupplierC,Amsterdam,Blenders,DHL,410,93.87,7,9,None,2024-03-21,False,38486.700000000004,2
ORD-0120,2024-05-06,SupplierE,Amsterdam,Air Purifiers,DHL,110,244.95,5,6,Customs clearance,2024-05-12,False,26944.5,1
ORD-0121,2024-10-14,SupplierE,Amsterdam,Kitchen Appliances,DB Schenker,313,216.29,7,7,None,2024-10-21,True,67698.77,0
ORD-0122,2024-10-02,SupplierA,Amsterdam,Irons,DB Schenker,368,179.77,7,7,None,2024-10-09,True,66155.36,0
ORD-0123,2024-05-14,SupplierA,Brussels,Air Purifiers,DHL,37,185.86,5,5,None,2024-05-19,True,6876.820000000001,0
ORD-0124,2024-10-26,SupplierC,Paris,Coffee Machines,UPS,50,147.09,3,3,None,2024-10-29,True,7354.5,0
ORD-0125,2024-08-07,SupplierD,Rotterdam,Coffee Machines,UPS,364,237.57,5,5,None,2024-08-12,True,86475.48,0
ORD-0126,2024-10-25,SupplierB,Brussels,Air Purifiers,DB Schenker,312,131.62,5,5,None,2024-10-30,True,41065.44,0
ORD-0127,2024-07-23,SupplierA,Brussels,Kitchen Appliances,DSV,155,104.42,7,7,None,2024-07-30,True,16185.1,0
ORD-0128,2024-07-04,SupplierE,Rotterdam,Coffee Machines,DHL,265,53.31,7,8,None,2024-07-12,False,14127.150000000001,1
ORD-0129,2024-04-22,SupplierC,Rotterdam,Blenders,DB Schenker,471,199.76,3,2,None,2024-04-24,True,94086.95999999999,0
ORD-0130,2024-03-11,SupplierB,Amsterdam,Air Purifiers,DB Schenker,236,187.59,5,5,None,2024-03-16,True,44271.24,0
ORD-0131,2024-09-17,SupplierC,Brussels,Air Purifiers,DHL,245,105.32,5,6,None,2024-09-23,False,25803.399999999998,1
ORD-0132,2024-09-09,SupplierB,Frankfurt,Coffee Machines,DHL,370,20.92,5,7,Bad weather,2024-09-16,False,7740.400000000001,2
ORD-0133,2024-02-16,SupplierB,Rotterdam,Kitchen Appliances,UPS,389,212.16,3,3,None,2024-02-19,True,82530.24,0
ORD-0134,2024-01-25,SupplierA,Rotterdam,Blenders,DSV,464,17.68,5,5,None,2024-01-30,True,8203.52,0
ORD-0135,2024-02-26,SupplierC,Paris,Kitchen Appliances,DSV,498,180.37,10,10,None,2024-03-07,True,89824.26000000001,0
ORD-0136,2024-03-19,SupplierC,Frankfurt,Irons,DHL,22,243.01,5,5,None,2024-03-24,True,5346.219999999999,0
ORD-0137,2024-11-17,SupplierE,Frankfurt,Irons,FedEx,219,117.85,5,5,None,2024-11-22,True,25809.149999999998,0
ORD-0138,2024-03-22,SupplierE,Rotterdam,Coffee Machines,DB Schenker,238,70.22,7,7,None,2024-03-29,True,16712.36,0
ORD-0139,2024-12-14,SupplierA,Amsterdam,Coffee Machines,DB Schenker,406,180.64,5,5,None,2024-12-19,True,73339.84,0
ORD-0140,2024-08-04,SupplierA,Paris,Coffee Machines,DHL,109,207.03,10,10,None,2024-08-14,True,22566.27,0
ORD-0141,2024-11-01,SupplierD,Frankfurt,Irons,FedEx,40,143.41,10,9,None,2024-11-10,True,5736.4,0
ORD-0142,2024-02-02,SupplierE,Rotterdam,Kitchen Appliances,UPS,395,242.25,5,5,None,2024-02-07,True,95688.75,0
ORD-0143,2024-07-16,SupplierB,Frankfurt,Kitchen Appliances,DHL,25,27.14,5,5,None,2024-07-21,True,678.5,0
ORD-0144,2024-07-14,SupplierC,Paris,Coffee Machines,DHL,146,133.63,5,5,None,2024-07-19,True,19509.98,0
ORD-0145,2024-11-01,SupplierA,Paris,Blenders,DB Schenker,338,183.84,5,5,None,2024-11-06,True,62137.92,0
ORD-0146,2024-08-27,SupplierC,Brussels,Kitchen Appliances,DHL,175,217.72,3,5,None,2024-09-01,False,38101.0,2
ORD-0147,2024-09-27,SupplierC,Rotterdam,Irons,DHL,468,57.13,7,7,None,2024-10-04,True,26736.84,0
ORD-0148,2024-05-08,SupplierD,Paris,Air Purifiers,DHL,319,203.0,5,5,None,2024-05-13,True,64757.0,0
ORD-0149,2024-10-10,SupplierE,Brussels,Air Purifiers,DB Schenker,449,144.89,3,4,None,2024-10-14,False,65055.60999999999,1
ORD-0150,2024-01-06,SupplierA,Brussels,Air Purifiers,UPS,479,108.19,5,5,None,2024-01-11,True,51823.01,0
ORD-0151,2024-12-14,SupplierC,Frankfurt,Blenders,UPS,490,45.95,10,10,None,2024-12-24,True,22515.5,0
ORD-0152,2024-02-28,SupplierA,Frankfurt,Coffee Machines,DHL,109,218.34,5,5,None,2024-03-04,True,23799.06,0
ORD-0153,2024-12-15,SupplierB,Brussels,Irons,DB Schenker,118,51.96,3,3,None,2024-12-18,True,6131.28,0
ORD-0154,2024-10-01,SupplierD,Frankfurt,Blenders,UPS,352,87.8,5,6,None,2024-10-07,False,30905.6,1
ORD-0155,2024-05-16,SupplierB,Paris,Irons,UPS,182,83.16,10,10,None,2024-05-26,True,15135.119999999999,0
ORD-0156,2024-11-24,SupplierA,Amsterdam,Irons,UPS,246,219.78,5,5,None,2024-11-29,True,54065.88,0
ORD-0157,2024-06-23,SupplierA,Paris,Coffee Machines,DB Schenker,171,173.09,7,7,None,2024-06-30,True,29598.39,0
ORD-0158,2024-02-27,SupplierE,Brussels,Air Purifiers,DB Schenker,402,202.22,7,7,None,2024-03-05,True,81292.44,0
ORD-0159,2024-05-30,SupplierC,Brussels,Coffee Machines,DHL,225,73.86,5,5,None,2024-06-04,True,16618.5,0
ORD-0160,2024-08-10,SupplierC,Paris,Blenders,DSV,273,161.85,7,7,None,2024-08-17,True,44185.049999999996,0
ORD-0161,2024-03-21,SupplierB,Frankfurt,Blenders,UPS,272,149.36,5,5,None,2024-03-26,True,40625.920000000006,0
ORD-0162,2024-08-20,SupplierD,Frankfurt,Blenders,DSV,301,210.72,7,12,None,2024-09-01,False,63426.72,5
ORD-0163,2024-01-02,SupplierC,Brussels,Coffee Machines,DB Schenker,283,227.93,7,7,None,2024-01-09,True,64504.19,0
ORD-0164,2024-05-14,SupplierE,Rotterdam,Irons,DB Schenker,12,17.86,5,5,None,2024-05-19,True,214.32,0
ORD-0165,2024-09-13,SupplierB,Frankfurt,Irons,DB Schenker,37,173.39,3,3,None,2024-09-16,True,6415.429999999999,0
ORD-0166,2024-04-01,SupplierB,Paris,Kitchen Appliances,DSV,335,27.18,7,7,None,2024-04-08,True,9105.3,0
ORD-0167,2024-09-16,SupplierE,Frankfurt,Blenders,DB Schenker,437,143.98,5,5,None,2024-09-21,True,62919.259999999995,0
ORD-0168,2024-02-24,SupplierD,Paris,Irons,DHL,158,82.59,3,3,None,2024-02-27,True,13049.220000000001,0
ORD-0169,2024-11-16,SupplierE,Brussels,Kitchen Appliances,DB Schenker,37,87.09,3,3,None,2024-11-19,True,3222.33,0
ORD-0170,2024-06-01,SupplierD,Frankfurt,Irons,FedEx,497,97.95,5,5,None,2024-06-06,True,48681.15,0
ORD-0171,2024-11-23,SupplierE,Paris,Blenders,DSV,319,161.0,7,7,None,2024-11-30,True,51359.0,0
ORD-0172,2024-09-16,SupplierE,Brussels,Air Purifiers,FedEx,447,93.5,3,5,None,2024-09-21,False,41794.5,2
ORD-0173,2024-11-07,SupplierA,Rotterdam,Blenders,DB Schenker,74,187.18,5,5,None,2024-11-12,True,13851.32,0
ORD-0174,2024-04-11,SupplierB,Paris,Coffee Machines,DHL,365,110.06,5,5,None,2024-04-16,True,40171.9,0
ORD-0175,2024-03-19,SupplierE,Rotterdam,Irons,UPS,30,31.06,7,7,None,2024-03-26,True,931.8,0
ORD-0176,2024-07-10,SupplierE,Rotterdam,Irons,DB Schenker,261,199.18,3,8,Bad weather,2024-07-18,False,51985.98,5
ORD-0177,2024-03-23,SupplierC,Amsterdam,Coffee Machines,DHL,244,82.15,7,7,None,2024-03-30,True,20044.600000000002,0
ORD-0178,2024-10-03,SupplierB,Frankfurt,Coffee Machines,DSV,236,116.7,5,5,None,2024-10-08,True,27541.2,0
ORD-0179,2024-09-28,SupplierC,Paris,Air Purifiers,FedEx,22,176.08,10,13,None,2024-10-11,False,3873.76,3
ORD-0180,2024-01-01,SupplierB,Rotterdam,Irons,FedEx,322,93.13,3,5,Warehouse capacity,2024-01-06,False,29987.859999999997,2
ORD-0181,2024-11-02,SupplierC,Amsterdam,Irons,FedEx,58,28.3,5,7,Carrier delay,2024-11-09,False,1641.4,2
ORD-0182,2024-06-14,SupplierE,Brussels,Air Purifiers,DSV,127,102.87,3,3,None,2024-06-17,True,13064.49,0
ORD-0183,2024-09-07,SupplierE,Paris,Kitchen Appliances,DHL,63,236.95,10,10,None,2024-09-17,True,14927.849999999999,0
ORD-0184,2024-01-10,SupplierA,Rotterdam,Air Purifiers,DSV,147,165.81,7,7,None,2024-01-17,True,24374.07,0
ORD-0185,2024-02-27,SupplierC,Frankfurt,Blenders,FedEx,62,172.8,5,8,None,2024-03-06,False,10713.6,3
ORD-0186,2024-07-04,SupplierD,Amsterdam,Irons,DB Schenker,53,163.59,7,7,None,2024-07-11,True,8670.27,0
ORD-0187,2024-06-06,SupplierA,Rotterdam,Coffee Machines,UPS,312,61.76,7,7,None,2024-06-13,True,19269.12,0
ORD-0188,2024-05-02,SupplierC,Frankfurt,Blenders,DSV,62,113.31,5,5,None,2024-05-07,True,7025.22,0
ORD-0189,2024-01-30,SupplierC,Rotterdam,Irons,DSV,83,191.47,5,6,None,2024-02-05,False,15892.01,1
ORD-0190,2024-05-03,SupplierA,Paris,Air Purifiers,DHL,55,38.82,5,5,None,2024-05-08,True,2135.1,0
ORD-0191,2024-10-17,SupplierE,Paris,Blenders,DHL,22,80.3,3,3,None,2024-10-20,True,1766.6,0
ORD-0192,2024-02-10,SupplierC,Paris,Irons,DSV,174,79.93,7,7,None,2024-02-17,True,13907.820000000002,0
ORD-0193,2024-02-13,SupplierE,Amsterdam,Kitchen Appliances,FedEx,111,116.52,10,10,None,2024-02-23,True,12933.72,0
ORD-0194,2024-09-05,SupplierA,Paris,Kitchen Appliances,UPS,289,245.39,7,7,None,2024-09-12,True,70917.70999999999,0
ORD-0195,2024-02-05,SupplierE,Frankfurt,Coffee Machines,DHL,267,30.86,5,5,None,2024-02-10,True,8239.619999999999,0
ORD-0196,2024-09-29,SupplierB,Rotterdam,Irons,FedEx,479,136.89,5,5,None,2024-10-04,True,65570.31,0
ORD-0197,2024-03-05,SupplierD,Brussels,Kitchen Appliances,DB Schenker,346,57.15,7,7,None,2024-03-12,True,19773.899999999998,0
ORD-0198,2024-03-06,SupplierC,Frankfurt,Air Purifiers,DHL,365,243.11,7,7,None,2024-03-13,True,88735.15000000001,0
ORD-0199,2024-12-03,SupplierD,Frankfurt,Irons,FedEx,407,41.63,7,7,None,2024-12-10,True,16943.41,0
ORD-0200,2024-08-31,SupplierE,Paris,Air Purifiers,FedEx,147,109.85,7,7,None,2024-09-07,True,16147.949999999999,0
ORD-0201,2024-10-08,SupplierC,Amsterdam,Air Purifiers,UPS,172,188.4,7,7,None,2024-10-15,True,32404.8,0
ORD-0202,2024-03-25,SupplierE,Rotterdam,Kitchen Appliances,UPS,418,180.57,3,3,None,2024-03-28,True,75478.26,0
ORD-0203,2024-05-15,SupplierB,Amsterdam,Irons,DB Schenker,396,114.34,3,3,None,2024-05-18,True,45278.64,0
ORD-0204,2024-09-27,SupplierA,Rotterdam,Blenders,FedEx,120,96.43,7,7,None,2024-10-04,True,11571.6,0
ORD-0205,2024-11-06,SupplierC,Rotterdam,Kitchen Appliances,FedEx,111,108.44,7,7,None,2024-11-13,True,12036.84,0
ORD-0206,2024-08-04,SupplierB,Amsterdam,Kitchen Appliances,UPS,26,77.1,3,8,Carrier delay,2024-08-12,False,2004.6,5
ORD-0207,2024-04-18,SupplierB,Frankfurt,Irons,DHL,277,63.25,3,3,None,2024-04-21,True,17520.25,0
ORD-0208,2024-10-03,SupplierC,Rotterdam,Irons,DHL,191,128.51,7,9,Bad weather,2024-10-12,False,24545.41,2
ORD-0209,2024-12-19,SupplierE,Amsterdam,Air Purifiers,DSV,381,78.11,3,3,None,2024-12-22,True,29759.91,0
ORD-0210,2024-04-12,SupplierB,Rotterdam,Irons,UPS,33,82.55,3,3,None,2024-04-15,True,2724.15,0
ORD-0211,2024-12-31,SupplierD,Brussels,Air Purifiers,DSV,38,169.34,5,6,None,2025-01-06,False,6434.92,1
ORD-0212,2024-06-08,SupplierB,Frankfurt,Kitchen Appliances,UPS,180,242.61,7,7,None,2024-06-15,True,43669.8,0
ORD-0213,2024-07-23,SupplierE,Paris,Coffee Machines,DB Schenker,418,156.85,7,7,None,2024-07-30,True,65563.3,0
ORD-0214,2024-12-09,SupplierE,Rotterdam,Blenders,FedEx,237,33.09,5,5,None,2024-12-14,True,7842.330000000001,0
ORD-0215,2024-11-28,SupplierD,Brussels,Kitchen Appliances,DB Schenker,387,32.76,7,7,None,2024-12-05,True,12678.119999999999,0
ORD-0216,2024-07-10,SupplierB,Paris,Irons,UPS,197,238.58,5,8,Bad weather,2024-07-18,False,47000.26,3
ORD-0217,2024-08-12,SupplierE,Paris,Blenders,FedEx,355,84.86,5,7,Bad weather,2024-08-19,False,30125.3,2
ORD-0218,2024-09-21,SupplierC,Rotterdam,Coffee Machines,DHL,239,36.64,7,10,Warehouse capacity,2024-10-01,False,8756.960000000001,3
ORD-0219,2024-08-19,SupplierA,Amsterdam,Coffee Machines,DHL,330,155.78,7,7,None,2024-08-26,True,51407.4,0
ORD-0220,2024-03-02,SupplierA,Rotterdam,Air Purifiers,DSV,349,161.56,7,8,Customs clearance,2024-03-10,False,56384.44,1
ORD-0221,2024-05-06,SupplierA,Brussels,Blenders,UPS,128,167.4,7,10,Customs clearance,2024-05-16,False,21427.2,3
ORD-0222,2024-04-25,SupplierB,Paris,Air Purifiers,UPS,165,77.84,5,5,None,2024-04-30,True,12843.6,0
ORD-0223,2024-02-02,SupplierD,Rotterdam,Kitchen Appliances,DHL,281,18.55,3,3,None,2024-02-05,True,5212.55,0
ORD-0224,2024-06-22,SupplierE,Amsterdam,Blenders,DB Schenker,184,241.78,5,6,Bad weather,2024-06-28,False,44487.52,1
ORD-0225,2024-01-11,SupplierC,Rotterdam,Kitchen Appliances,FedEx,474,73.96,5,5,None,2024-01-16,True,35057.03999999999,0
ORD-0226,2024-10-28,SupplierC,Frankfurt,Air Purifiers,DB Schenker,113,173.87,5,7,None,2024-11-04,False,19647.31,2
ORD-0227,2024-10-10,SupplierB,Amsterdam,Blenders,DB Schenker,101,181.06,10,10,None,2024-10-20,True,18287.06,0
ORD-0228,2024-04-27,SupplierA,Brussels,Air Purifiers,DHL,195,158.35,5,6,Carrier delay,2024-05-03,False,30878.25,1
ORD-0229,2024-10-28,SupplierB,Paris,Blenders,DHL,469,88.53,7,7,None,2024-11-04,True,41520.57,0
ORD-0230,2024-04-22,SupplierD,Rotterdam,Air Purifiers,DHL,292,78.71,7,7,None,2024-04-29,True,22983.32,0
ORD-0231,2024-01-04,SupplierD,Amsterdam,Coffee Machines,DSV,190,155.45,7,7,None,2024-01-11,True,29535.499999999996,0
ORD-0232,2024-02-06,SupplierE,Frankfurt,Air Purifiers,DB Schenker,179,218.53,5,7,None,2024-02-13,False,39116.87,2
ORD-0233,2024-12-28,SupplierE,Amsterdam,Coffee Machines,UPS,196,237.48,5,5,None,2025-01-02,True,46546.079999999994,0
ORD-0234,2024-11-19,SupplierD,Frankfurt,Air Purifiers,FedEx,184,39.89,5,5,None,2024-11-24,True,7339.76,0
ORD-0235,2024-01-31,SupplierD,Brussels,Blenders,DSV,231,51.38,3,3,None,2024-02-03,True,11868.78,0
ORD-0236,2024-04-27,SupplierD,Paris,Blenders,UPS,242,237.01,7,9,None,2024-05-06,False,57356.42,2
ORD-0237,2024-02-04,SupplierB,Brussels,Blenders,DB Schenker,171,188.09,5,5,None,2024-02-09,True,32163.39,0
ORD-0238,2024-01-17,SupplierD,Rotterdam,Irons,DHL,430,222.5,3,5,Bad weather,2024-01-22,False,95675.0,2
ORD-0239,2024-06-18,SupplierC,Amsterdam,Kitchen Appliances,DB Schenker,143,62.62,7,7,None,2024-06-25,True,8954.66,0
ORD-0240,2024-02-06,SupplierA,Frankfurt,Blenders,FedEx,400,153.08,3,3,None,2024-02-09,True,61232.00000000001,0
ORD-0241,2024-09-20,SupplierD,Frankfurt,Coffee Machines,DSV,489,179.77,10,10,None,2024-09-30,True,87907.53,0
ORD-0242,2024-05-01,SupplierA,Amsterdam,Blenders,DSV,233,174.83,10,10,None,2024-05-11,True,40735.39,0
ORD-0243,2024-05-22,SupplierB,Amsterdam,Irons,FedEx,162,110.92,10,11,None,2024-06-02,False,17969.04,1
ORD-0244,2024-12-08,SupplierA,Rotterdam,Coffee Machines,UPS,42,18.62,5,5,None,2024-12-13,True,782.0400000000001,0
ORD-0245,2024-09-05,SupplierB,Brussels,Irons,UPS,64,151.99,3,3,None,2024-09-08,True,9727.36,0
ORD-0246,2024-04-19,SupplierC,Frankfurt,Coffee Machines,DSV,451,74.48,10,12,None,2024-05-01,False,33590.48,2
ORD-0247,2024-10-03,SupplierB,Rotterdam,Air Purifiers,DSV,16,120.81,5,5,None,2024-10-08,True,1932.96,0
ORD-0248,2024-03-08,SupplierB,Brussels,Kitchen Appliances,DHL,253,240.03,10,10,None,2024-03-18,True,60727.590000000004,0
ORD-0249,2024-10-19,SupplierE,Rotterdam,Kitchen Appliances,UPS,322,108.77,10,13,None,2024-11-01,False,35023.94,3
ORD-0250,2024-10-22,SupplierD,Frankfurt,Irons,FedEx,135,212.35,7,7,None,2024-10-29,True,28667.25,0
ORD-0251,2024-08-30,SupplierD,Amsterdam,Kitchen Appliances,UPS,21,59.31,5,5,None,2024-09-04,True,1245.51,0
ORD-0252,2024-05-04,SupplierC,Amsterdam,Irons,DHL,25,173.03,5,8,Bad weather,2024-05-12,False,4325.75,3
ORD-0253,2024-08-30,SupplierC,Brussels,Irons,DSV,217,244.6,7,7,None,2024-09-06,True,53078.2,0
ORD-0254,2024-07-27,SupplierD,Paris,Irons,DSV,52,38.94,5,5,None,2024-08-01,True,2024.8799999999999,0
ORD-0255,2024-04-07,SupplierE,Brussels,Kitchen Appliances,DHL,382,16.96,3,3,None,2024-04-10,True,6478.72,0
ORD-0256,2024-02-18,SupplierD,Paris,Irons,FedEx,493,116.89,5,6,Warehouse capacity,2024-02-24,False,57626.77,1
ORD-0257,2024-02-19,SupplierE,Rotterdam,Kitchen Appliances,DSV,470,36.77,10,10,None,2024-02-29,True,17281.9,0
ORD-0258,2024-12-03,SupplierC,Rotterdam,Irons,DB Schenker,144,190.87,7,7,None,2024-12-10,True,27485.28,0
ORD-0259,2024-08-08,SupplierA,Frankfurt,Blenders,DSV,237,229.92,5,7,Customs clearance,2024-08-15,False,54491.03999999999,2
ORD-0260,2024-06-30,SupplierC,Paris,Irons,DB Schenker,120,116.99,3,4,Carrier delay,2024-07-04,False,14038.8,1
ORD-0261,2024-08-04,SupplierC,Frankfurt,Coffee Machines,DHL,316,75.8,7,7,None,2024-08-11,True,23952.8,0
ORD-0262,2024-07-29,SupplierB,Amsterdam,Irons,DHL,466,117.08,10,10,None,2024-08-08,True,54559.28,0
ORD-0263,2024-08-27,SupplierB,Paris,Air Purifiers,DSV,169,185.01,3,3,None,2024-08-30,True,31266.69,0
ORD-0264,2024-01-28,SupplierB,Brussels,Irons,UPS,340,17.13,5,6,None,2024-02-03,False,5824.2,1
ORD-0265,2024-12-10,SupplierB,Amsterdam,Coffee Machines,DB Schenker,273,153.52,7,6,None,2024-12-16,True,41910.96000000001,0
ORD-0266,2024-11-30,SupplierE,Amsterdam,Coffee Machines,FedEx,234,159.12,7,7,None,2024-12-07,True,37234.08,0
ORD-0267,2024-11-26,SupplierD,Brussels,Kitchen Appliances,DSV,480,164.86,7,8,Bad weather,2024-12-04,False,79132.8,1
ORD-0268,2024-02-20,SupplierA,Amsterdam,Blenders,FedEx,226,71.88,7,9,Warehouse capacity,2024-02-29,False,16244.88,2
ORD-0269,2024-02-01,SupplierC,Paris,Irons,DSV,465,182.8,5,5,None,2024-02-06,True,85002.0,0
ORD-0270,2024-07-25,SupplierE,Frankfurt,Kitchen Appliances,UPS,54,36.48,5,7,None,2024-08-01,False,1969.9199999999998,2
ORD-0271,2024-06-22,SupplierA,Amsterdam,Blenders,UPS,223,61.83,7,7,None,2024-06-29,True,13788.09,0
ORD-0272,2024-02-25,SupplierE,Paris,Irons,UPS,68,221.21,7,9,Customs clearance,2024-03-05,False,15042.28,2
ORD-0273,2024-05-07,SupplierE,Rotterdam,Air Purifiers,UPS,141,188.6,7,7,None,2024-05-14,True,26592.6,0
ORD-0274,2024-04-08,SupplierC,Paris,Irons,DHL,113,18.23,10,10,None,2024-04-18,True,2059.9900000000002,0
ORD-0275,2024-04-07,SupplierD,Frankfurt,Coffee Machines,DHL,204,73.37,5,6,Bad weather,2024-04-13,False,14967.480000000001,1
ORD-0276,2024-10-01,SupplierB,Paris,Coffee Machines,DB Schenker,422,65.39,5,5,None,2024-10-06,True,27594.58,0
ORD-0277,2024-08-17,SupplierD,Brussels,Air Purifiers,FedEx,498,78.64,7,7,None,2024-08-24,True,39162.72,0
ORD-0278,2024-03-12,SupplierC,Frankfurt,Kitchen Appliances,DSV,166,73.18,7,8,Carrier delay,2024-03-20,False,12147.880000000001,1
ORD-0279,2024-08-04,SupplierC,Rotterdam,Blenders,DSV,107,29.69,7,8,None,2024-08-12,False,3176.83,1
ORD-0280,2024-04-03,SupplierC,Brussels,Irons,DHL,235,122.85,7,7,None,2024-04-10,True,28869.75,0
ORD-0281,2024-05-22,SupplierA,Paris,Coffee Machines,DSV,421,187.19,7,7,None,2024-05-29,True,78806.99,0
ORD-0282,2024-08-24,SupplierD,Frankfurt,Kitchen Appliances,DHL,214,157.58,5,5,None,2024-08-29,True,33722.12,0
ORD-0283,2024-05-07,SupplierD,Rotterdam,Air Purifiers,DB Schenker,88,173.12,5,5,None,2024-05-12,True,15234.560000000001,0
ORD-0284,2024-02-08,SupplierE,Brussels,Coffee Machines,FedEx,133,34.07,3,3,None,2024-02-11,True,4531.31,0
ORD-0285,2024-08-14,SupplierE,Rotterdam,Air Purifiers,DB Schenker,480,238.6,5,5,None,2024-08-19,True,114528.0,0
ORD-0286,2024-10-08,SupplierE,Paris,Irons,UPS,437,212.05,3,6,Warehouse capacity,2024-10-14,False,92665.85,3
ORD-0287,2024-02-20,SupplierC,Rotterdam,Blenders,UPS,227,204.2,5,5,None,2024-02-25,True,46353.399999999994,0
ORD-0288,2024-01-26,SupplierD,Amsterdam,Coffee Machines,UPS,13,208.4,5,5,None,2024-01-31,True,2709.2000000000003,0
ORD-0289,2024-11-29,SupplierC,Brussels,Coffee Machines,DB Schenker,99,234.19,5,5,None,2024-12-04,True,23184.81,0
ORD-0290,2024-10-03,SupplierA,Rotterdam,Irons,DSV,113,142.9,5,8,None,2024-10-11,False,16147.7,3
ORD-0291,2024-01-08,SupplierE,Paris,Kitchen Appliances,FedEx,402,62.07,3,3,None,2024-01-11,True,24952.14,0
ORD-0292,2024-02-17,SupplierC,Paris,Blenders,UPS,128,159.94,3,3,None,2024-02-20,True,20472.32,0
ORD-0293,2024-05-01,SupplierC,Rotterdam,Coffee Machines,UPS,142,189.58,7,7,None,2024-05-08,True,26920.36,0
ORD-0294,2024-03-26,SupplierA,Paris,Blenders,UPS,321,188.41,5,5,None,2024-03-31,True,60479.61,0
ORD-0295,2024-07-27,SupplierB,Frankfurt,Coffee Machines,FedEx,105,137.54,3,2,None,2024-07-29,True,14441.699999999999,0
ORD-0296,2024-09-05,SupplierD,Frankfurt,Blenders,UPS,477,31.09,5,7,None,2024-09-12,False,14829.93,2
ORD-0297,2024-09-03,SupplierB,Frankfurt,Air Purifiers,FedEx,443,102.21,7,10,None,2024-09-13,False,45279.03,3
ORD-0298,2024-04-19,SupplierE,Amsterdam,Coffee Machines,UPS,340,231.38,5,5,None,2024-04-24,True,78669.2,0
ORD-0299,2024-07-24,SupplierC,Rotterdam,Blenders,DB Schenker,152,152.35,7,7,None,2024-07-31,True,23157.2,0
ORD-0300,2024-01-31,SupplierA,Amsterdam,Kitchen Appliances,DB Schenker,297,141.51,3,6,None,2024-02-06,False,42028.469999999994,3
ORD-0301,2024-03-25,SupplierA,Paris,Air Purifiers,FedEx,37,78.18,3,4,None,2024-03-29,False,2892.6600000000003,1
ORD-0302,2024-07-13,SupplierD,Amsterdam,Air Purifiers,DB Schenker,287,101.59,5,5,None,2024-07-18,True,29156.33,0
ORD-0303,2024-01-02,SupplierB,Paris,Kitchen Appliances,FedEx,242,225.41,5,5,None,2024-01-07,True,54549.22,0
ORD-0304,2024-07-18,SupplierD,Paris,Blenders,DB Schenker,26,171.62,7,7,None,2024-07-25,True,4462.12,0
ORD-0305,2024-05-15,SupplierC,Brussels,Irons,DB Schenker,68,200.04,7,7,None,2024-05-22,True,13602.72,0
ORD-0306,2024-08-20,SupplierD,Frankfurt,Kitchen Appliances,FedEx,99,121.77,10,11,Warehouse capacity,2024-08-31,False,12055.23,1
ORD-0307,2024-05-26,SupplierA,Paris,Blenders,DSV,208,163.11,5,8,None,2024-06-03,False,33926.880000000005,3
ORD-0308,2024-08-04,SupplierA,Brussels,Kitchen Appliances,DB Schenker,371,73.37,5,8,None,2024-08-12,False,27220.27,3
ORD-0309,2024-12-22,SupplierE,Frankfurt,Kitchen Appliances,UPS,450,180.78,7,7,None,2024-12-29,True,81351.0,0
ORD-0310,2024-10-11,SupplierE,Paris,Coffee Machines,DSV,35,115.49,5,5,None,2024-10-16,True,4042.1499999999996,0
ORD-0311,2024-12-04,SupplierC,Paris,Blenders,FedEx,34,119.0,5,10,None,2024-12-14,False,4046.0,5
ORD-0312,2024-09-06,SupplierB,Amsterdam,Irons,DSV,403,167.59,3,5,Bad weather,2024-09-11,False,67538.77,2
ORD-0313,2024-03-20,SupplierD,Amsterdam,Coffee Machines,DHL,310,235.03,3,3,None,2024-03-23,True,72859.3,0
ORD-0314,2024-04-07,SupplierC,Frankfurt,Kitchen Appliances,DHL,348,30.04,10,13,None,2024-04-20,False,10453.92,3
ORD-0315,2024-05-31,SupplierE,Paris,Kitchen Appliances,DB Schenker,276,208.81,7,9,None,2024-06-09,False,57631.56,2
ORD-0316,2024-04-21,SupplierD,Rotterdam,Kitchen Appliances,DB Schenker,470,83.71,7,7,None,2024-04-28,True,39343.7,0
ORD-0317,2024-01-30,SupplierE,Amsterdam,Blenders,UPS,190,119.32,5,5,None,2024-02-04,True,22670.8,0
ORD-0318,2024-10-23,SupplierD,Frankfurt,Blenders,DSV,465,20.15,3,3,None,2024-10-26,True,9369.75,0
ORD-0319,2024-10-04,SupplierB,Paris,Coffee Machines,DHL,369,85.75,3,3,None,2024-10-07,True,31641.75,0
ORD-0320,2024-02-01,SupplierC,Paris,Irons,DB Schenker,77,133.12,5,5,None,2024-02-06,True,10250.24,0
ORD-0321,2024-06-09,SupplierD,Rotterdam,Coffee Machines,DSV,360,28.2,5,7,Bad weather,2024-06-16,False,10152.0,2
ORD-0322,2024-01-30,SupplierA,Frankfurt,Air Purifiers,DB Schenker,421,130.41,7,6,None,2024-02-05,True,54902.61,0
ORD-0323,2024-01-26,SupplierA,Paris,Kitchen Appliances,DB Schenker,468,232.87,7,7,None,2024-02-02,True,108983.16,0
ORD-0324,2024-10-26,SupplierD,Amsterdam,Kitchen Appliances,DHL,330,39.77,5,5,None,2024-10-31,True,13124.1,0
ORD-0325,2024-09-01,SupplierD,Rotterdam,Kitchen Appliances,DHL,58,194.64,10,10,None,2024-09-11,True,11289.119999999999,0
ORD-0326,2024-09-14,SupplierD,Frankfurt,Coffee Machines,DB Schenker,184,111.27,7,10,None,2024-09-24,False,20473.68,3
ORD-0327,2024-09-28,SupplierA,Rotterdam,Coffee Machines,FedEx,61,168.97,5,5,None,2024-10-03,True,10307.17,0
ORD-0328,2024-03-21,SupplierA,Amsterdam,Kitchen Appliances,DB Schenker,111,76.16,7,7,None,2024-03-28,True,8453.76,0
ORD-0329,2024-01-30,SupplierD,Frankfurt,Coffee Machines,DB Schenker,225,52.48,5,6,None,2024-02-05,False,11808.0,1
ORD-0330,2024-09-17,SupplierE,Rotterdam,Blenders,UPS,447,52.71,5,5,None,2024-09-22,True,23561.37,0
ORD-0331,2024-02-11,SupplierE,Brussels,Blenders,UPS,197,31.57,5,5,None,2024-02-16,True,6219.29,0
ORD-0332,2024-04-05,SupplierB,Amsterdam,Coffee Machines,UPS,66,58.63,7,7,None,2024-04-12,True,3869.5800000000004,0
ORD-0333,2024-02-05,SupplierC,Amsterdam,Kitchen Appliances,FedEx,56,171.09,3,3,None,2024-02-08,True,9581.04,0
ORD-0334,2024-10-31,SupplierE,Amsterdam,Coffee Machines,FedEx,168,222.2,3,3,None,2024-11-03,True,37329.6,0
ORD-0335,2024-02-04,SupplierA,Brussels,Coffee Machines,DB Schenker,498,206.32,3,3,None,2024-02-07,True,102747.36,0
ORD-0336,2024-12-11,SupplierE,Brussels,Coffee Machines,UPS,183,176.01,3,3,None,2024-12-14,True,32209.829999999998,0
ORD-0337,2024-04-30,SupplierB,Paris,Air Purifiers,FedEx,251,40.95,7,10,Carrier delay,2024-05-10,False,10278.45,3
ORD-0338,2024-07-25,SupplierB,Rotterdam,Blenders,DHL,291,82.96,7,7,None,2024-08-01,True,24141.359999999997,0
ORD-0339,2024-03-02,SupplierC,Paris,Irons,DB Schenker,250,87.8,5,5,None,2024-03-07,True,21950.0,0
ORD-0340,2024-10-18,SupplierE,Rotterdam,Irons,DSV,379,73.74,3,3,None,2024-10-21,True,27947.46,0
ORD-0341,2024-05-06,SupplierA,Brussels,Air Purifiers,DB Schenker,14,136.03,5,4,None,2024-05-10,True,1904.42,0
ORD-0342,2024-10-23,SupplierA,Brussels,Coffee Machines,DSV,93,140.86,5,5,None,2024-10-28,True,13099.980000000001,0
ORD-0343,2024-10-31,SupplierD,Paris,Air Purifiers,UPS,317,98.87,3,3,None,2024-11-03,True,31341.79,0
ORD-0344,2024-01-21,SupplierA,Frankfurt,Air Purifiers,DSV,370,98.14,5,8,None,2024-01-29,False,36311.8,3
ORD-0345,2024-11-13,SupplierC,Paris,Kitchen Appliances,UPS,468,209.71,5,5,None,2024-11-18,True,98144.28,0
ORD-0346,2024-02-11,SupplierC,Rotterdam,Blenders,DHL,257,200.48,7,7,None,2024-02-18,True,51523.36,0
ORD-0347,2024-08-02,SupplierA,Paris,Irons,DSV,63,87.33,7,7,None,2024-08-09,True,5501.79,0
ORD-0348,2024-12-02,SupplierA,Amsterdam,Coffee Machines,DB Schenker,170,229.74,3,8,Bad weather,2024-12-10,False,39055.8,5
ORD-0349,2024-10-25,SupplierD,Rotterdam,Irons,UPS,443,238.91,5,5,None,2024-10-30,True,105837.13,0
ORD-0350,2024-10-16,SupplierA,Rotterdam,Irons,DB Schenker,431,91.78,7,7,None,2024-10-23,True,39557.18,0
ORD-0351,2024-09-24,SupplierD,Frankfurt,Blenders,FedEx,420,98.29,5,5,None,2024-09-29,True,41281.8,0
ORD-0352,2024-06-10,SupplierD,Brussels,Irons,UPS,235,133.82,7,8,None,2024-06-18,False,31447.699999999997,1
ORD-0353,2024-05-13,SupplierA,Rotterdam,Irons,DSV,24,236.16,7,7,None,2024-05-20,True,5667.84,0
ORD-0354,2024-04-14,SupplierB,Brussels,Air Purifiers,UPS,233,220.94,3,5,None,2024-04-19,False,51479.02,2
ORD-0355,2024-12-08,SupplierB,Paris,Blenders,DB Schenker,70,39.1,3,3,None,2024-12-11,True,2737.0,0
ORD-0356,2024-06-09,SupplierD,Amsterdam,Kitchen Appliances,DHL,131,107.29,7,7,None,2024-06-16,True,14054.990000000002,0
ORD-0357,2024-05-02,SupplierA,Frankfurt,Coffee Machines,UPS,286,145.04,3,2,None,2024-05-04,True,41481.439999999995,0
ORD-0358,2024-05-15,SupplierB,Brussels,Irons,DSV,55,133.24,5,5,None,2024-05-20,True,7328.200000000001,0
ORD-0359,2024-07-21,SupplierA,Rotterdam,Coffee Machines,FedEx,462,60.56,10,10,None,2024-07-31,True,27978.72,0
ORD-0360,2024-03-08,SupplierA,Brussels,Kitchen Appliances,DHL,399,216.82,5,5,None,2024-03-13,True,86511.18,0
ORD-0361,2024-12-09,SupplierA,Rotterdam,Coffee Machines,FedEx,303,174.08,5,6,None,2024-12-15,False,52746.240000000005,1
ORD-0362,2024-11-26,SupplierE,Brussels,Kitchen Appliances,UPS,71,211.91,7,7,None,2024-12-03,True,15045.61,0
ORD-0363,2024-06-02,SupplierA,Rotterdam,Air Purifiers,DB Schenker,95,216.81,5,5,None,2024-06-07,True,20596.95,0
ORD-0364,2024-08-22,SupplierE,Paris,Irons,DB Schenker,455,190.86,5,5,None,2024-08-27,True,86841.3,0
ORD-0365,2024-06-10,SupplierD,Rotterdam,Kitchen Appliances,DSV,219,118.21,10,10,None,2024-06-20,True,25887.989999999998,0
ORD-0366,2024-02-07,SupplierB,Rotterdam,Coffee Machines,DB Schenker,87,158.48,5,5,None,2024-02-12,True,13787.759999999998,0
ORD-0367,2024-01-05,SupplierB,Amsterdam,Irons,DHL,211,52.69,10,10,None,2024-01-15,True,11117.59,0
ORD-0368,2024-08-22,SupplierB,Rotterdam,Air Purifiers,DB Schenker,311,173.31,10,10,None,2024-09-01,True,53899.41,0
ORD-0369,2024-11-14,SupplierB,Amsterdam,Irons,DSV,406,57.12,3,5,Carrier delay,2024-11-19,False,23190.719999999998,2
ORD-0370,2024-10-15,SupplierB,Frankfurt,Kitchen Appliances,UPS,232,178.08,3,6,Warehouse capacity,2024-10-21,False,41314.560000000005,3
ORD-0371,2024-02-21,SupplierB,Amsterdam,Air Purifiers,UPS,231,68.96,3,3,None,2024-02-24,True,15929.759999999998,0
ORD-0372,2024-02-07,SupplierB,Paris,Coffee Machines,DB Schenker,12,42.62,3,3,None,2024-02-10,True,511.43999999999994,0
ORD-0373,2024-10-02,SupplierD,Amsterdam,Air Purifiers,FedEx,487,53.84,3,3,None,2024-10-05,True,26220.08,0
ORD-0374,2024-04-19,SupplierA,Frankfurt,Air Purifiers,UPS,15,15.47,7,7,None,2024-04-26,True,232.05,0
ORD-0375,2024-09-16,SupplierC,Paris,Blenders,DB Schenker,102,183.9,3,2,None,2024-09-18,True,18757.8,0
ORD-0376,2024-05-15,SupplierE,Brussels,Air Purifiers,DSV,17,187.11,5,5,None,2024-05-20,True,3180.8700000000003,0
ORD-0377,2024-03-08,SupplierC,Brussels,Air Purifiers,DB Schenker,437,136.01,7,8,Warehouse capacity,2024-03-16,False,59436.369999999995,1
ORD-0378,2024-06-27,SupplierC,Amsterdam,Irons,UPS,244,52.92,3,3,None,2024-06-30,True,12912.48,0
ORD-0379,2024-02-05,SupplierA,Amsterdam,Coffee Machines,DSV,117,34.64,7,6,None,2024-02-11,True,4052.88,0
ORD-0380,2024-05-05,SupplierA,Frankfurt,Irons,DB Schenker,170,19.5,5,5,None,2024-05-10,True,3315.0,0
ORD-0381,2024-07-08,SupplierA,Frankfurt,Irons,DHL,218,53.95,3,3,None,2024-07-11,True,11761.1,0
ORD-0382,2024-05-25,SupplierB,Rotterdam,Kitchen Appliances,DSV,249,224.35,7,7,None,2024-06-01,True,55863.15,0
ORD-0383,2024-03-21,SupplierD,Frankfurt,Irons,DHL,340,71.76,7,6,None,2024-03-27,True,24398.4,0
ORD-0384,2024-08-12,SupplierB,Rotterdam,Blenders,FedEx,342,98.25,7,7,None,2024-08-19,True,33601.5,0
ORD-0385,2024-10-05,SupplierD,Paris,Blenders,DSV,59,39.76,7,8,Bad weather,2024-10-13,False,2345.8399999999997,1
ORD-0386,2024-12-26,SupplierD,Amsterdam,Kitchen Appliances,DHL,20,67.25,7,7,None,2025-01-02,True,1345.0,0
ORD-0387,2024-06-03,SupplierC,Paris,Coffee Machines,UPS,360,137.02,5,5,None,2024-06-08,True,49327.200000000004,0
ORD-0388,2024-11-09,SupplierC,Frankfurt,Coffee Machines,UPS,165,157.82,3,3,None,2024-11-12,True,26040.3,0
ORD-0389,2024-11-30,SupplierD,Paris,Irons,FedEx,79,72.66,7,7,None,2024-12-07,True,5740.139999999999,0
ORD-0390,2024-09-27,SupplierD,Paris,Irons,DSV,178,28.57,7,7,None,2024-10-04,True,5085.46,0
ORD-0391,2024-01-05,SupplierB,Paris,Irons,DSV,281,106.89,10,11,None,2024-01-16,False,30036.09,1
ORD-0392,2024-12-07,SupplierB,Frankfurt,Coffee Machines,DSV,77,70.04,5,7,Warehouse capacity,2024-12-14,False,5393.080000000001,2
ORD-0393,2024-10-10,SupplierC,Paris,Air Purifiers,FedEx,364,66.6,5,7,Bad weather,2024-10-17,False,24242.399999999998,2
ORD-0394,2024-06-02,SupplierA,Rotterdam,Blenders,DSV,261,240.57,7,7,None,2024-06-09,True,62788.77,0
ORD-0395,2024-12-05,SupplierD,Frankfurt,Air Purifiers,UPS,57,159.83,5,5,None,2024-12-10,True,9110.310000000001,0
ORD-0396,2024-02-23,SupplierB,Paris,Air Purifiers,DHL,193,145.87,10,10,None,2024-03-04,True,28152.91,0
ORD-0397,2024-03-09,SupplierC,Frankfurt,Coffee Machines,UPS,329,112.71,7,7,None,2024-03-16,True,37081.59,0
ORD-0398,2024-05-15,SupplierB,Brussels,Air Purifiers,UPS,196,115.8,5,7,Carrier delay,2024-05-22,False,22696.8,2
ORD-0399,2024-02-29,SupplierD,Rotterdam,Kitchen Appliances,DHL,99,142.11,7,6,None,2024-03-06,True,14068.890000000001,0
ORD-0400,2024-02-24,SupplierD,Paris,Irons,UPS,455,178.66,7,7,None,2024-03-02,True,81290.3,0
ORD-0401,2024-10-10,SupplierE,Brussels,Kitchen Appliances,FedEx,341,180.0,3,3,None,2024-10-13,True,61380.0,0
ORD-0402,2024-03-20,SupplierA,Brussels,Blenders,DHL,148,55.35,10,9,None,2024-03-29,True,8191.8,0
ORD-0403,2024-05-19,SupplierE,Frankfurt,Irons,UPS,366,132.53,5,5,None,2024-05-24,True,48505.98,0
ORD-0404,2024-05-24,SupplierC,Brussels,Air Purifiers,DB Schenker,98,111.81,7,7,None,2024-05-31,True,10957.380000000001,0
ORD-0405,2024-11-05,SupplierB,Rotterdam,Blenders,UPS,283,219.57,5,5,None,2024-11-10,True,62138.31,0
ORD-0406,2024-04-17,SupplierC,Rotterdam,Irons,FedEx,28,163.38,7,9,None,2024-04-26,False,4574.639999999999,2
ORD-0407,2024-06-24,SupplierD,Amsterdam,Air Purifiers,DSV,480,140.14,5,7,None,2024-07-01,False,67267.2,2
ORD-0408,2024-04-14,SupplierE,Rotterdam,Kitchen Appliances,UPS,320,42.12,3,3,None,2024-04-17,True,13478.4,0
ORD-0409,2024-12-17,SupplierE,Brussels,Irons,DSV,367,157.32,10,10,None,2024-12-27,True,57736.439999999995,0
ORD-0410,2024-11-20,SupplierE,Rotterdam,Air Purifiers,DB Schenker,383,42.54,3,3,None,2024-11-23,True,16292.82,0
ORD-0411,2024-05-15,SupplierC,Frankfurt,Kitchen Appliances,UPS,475,94.24,5,5,None,2024-05-20,True,44764.0,0
ORD-0412,2024-09-15,SupplierD,Amsterdam,Blenders,DHL,163,48.57,10,10,None,2024-09-25,True,7916.91,0
ORD-0413,2024-09-07,SupplierB,Brussels,Blenders,DSV,399,177.64,10,10,None,2024-09-17,True,70878.36,0
ORD-0414,2024-05-08,SupplierB,Amsterdam,Blenders,DB Schenker,269,63.47,5,5,None,2024-05-13,True,17073.43,0
ORD-0415,2024-01-27,SupplierC,Brussels,Blenders,DHL,117,107.09,7,7,None,2024-02-03,True,12529.53,0
ORD-0416,2024-02-17,SupplierE,Frankfurt,Coffee Machines,DHL,380,225.48,5,5,None,2024-02-22,True,85682.4,0
ORD-0417,2024-11-20,SupplierA,Amsterdam,Irons,DHL,294,63.01,5,5,None,2024-11-25,True,18524.94,0
ORD-0418,2024-08-04,SupplierC,Paris,Irons,DHL,68,134.33,5,8,None,2024-08-12,False,9134.44,3
ORD-0419,2024-05-21,SupplierC,Brussels,Coffee Machines,UPS,134,113.53,7,8,None,2024-05-29,False,15213.02,1
ORD-0420,2024-01-23,SupplierD,Paris,Air Purifiers,UPS,363,19.26,7,7,None,2024-01-30,True,6991.380000000001,0
ORD-0421,2024-01-02,SupplierB,Amsterdam,Air Purifiers,UPS,282,201.3,7,9,None,2024-01-11,False,56766.600000000006,2
ORD-0422,2024-06-19,SupplierC,Paris,Blenders,DB Schenker,116,31.23,7,7,None,2024-06-26,True,3622.68,0
ORD-0423,2024-03-07,SupplierC,Paris,Kitchen Appliances,DB Schenker,308,126.45,3,5,Customs clearance,2024-03-12,False,38946.6,2
ORD-0424,2024-11-22,SupplierE,Amsterdam,Air Purifiers,DB Schenker,254,146.76,5,6,Bad weather,2024-11-28,False,37277.04,1
ORD-0425,2024-05-14,SupplierE,Frankfurt,Kitchen Appliances,FedEx,345,162.68,3,3,None,2024-05-17,True,56124.600000000006,0
ORD-0426,2024-03-23,SupplierA,Paris,Irons,DB Schenker,459,176.83,5,4,None,2024-03-27,True,81164.97,0
ORD-0427,2024-08-14,SupplierD,Paris,Kitchen Appliances,UPS,427,74.52,5,5,None,2024-08-19,True,31820.039999999997,0
ORD-0428,2024-10-09,SupplierA,Frankfurt,Irons,UPS,256,17.35,7,7,None,2024-10-16,True,4441.6,0
ORD-0429,2024-12-27,SupplierE,Paris,Coffee Machines,FedEx,17,185.01,5,5,None,2025-01-01,True,3145.17,0
ORD-0430,2024-08-06,SupplierB,Paris,Coffee Machines,FedEx,150,140.88,3,3,None,2024-08-09,True,21132.0,0
ORD-0431,2024-10-14,SupplierE,Paris,Blenders,DB Schenker,371,211.49,3,3,None,2024-10-17,True,78462.79000000001,0
ORD-0432,2024-01-05,SupplierD,Rotterdam,Air Purifiers,DSV,17,208.03,7,9,None,2024-01-14,False,3536.51,2
ORD-0433,2024-02-27,SupplierE,Frankfurt,Blenders,FedEx,487,213.18,7,12,None,2024-03-10,False,103818.66,5
ORD-0434,2024-02-08,SupplierD,Paris,Irons,DHL,361,129.0,3,3,None,2024-02-11,True,46569.0,0
ORD-0435,2024-12-19,SupplierD,Frankfurt,Blenders,UPS,493,93.4,3,3,None,2024-12-22,True,46046.200000000004,0
ORD-0436,2024-03-17,SupplierD,Brussels,Kitchen Appliances,DHL,103,201.02,7,7,None,2024-03-24,True,20705.06,0
ORD-0437,2024-10-06,SupplierD,Brussels,Irons,UPS,330,121.05,3,2,None,2024-10-08,True,39946.5,0
ORD-0438,2024-01-19,SupplierD,Paris,Coffee Machines,UPS,436,58.11,7,10,Customs clearance,2024-01-29,False,25335.96,3
ORD-0439,2024-07-08,SupplierB,Frankfurt,Air Purifiers,FedEx,48,215.92,7,7,None,2024-07-15,True,10364.16,0
ORD-0440,2024-10-25,SupplierA,Frankfurt,Irons,FedEx,90,222.4,3,3,None,2024-10-28,True,20016.0,0
ORD-0441,2024-10-09,SupplierC,Frankfurt,Irons,DHL,196,124.58,3,3,None,2024-10-12,True,24417.68,0
ORD-0442,2024-03-16,SupplierA,Rotterdam,Kitchen Appliances,UPS,93,32.79,10,10,None,2024-03-26,True,3049.47,0
ORD-0443,2024-08-08,SupplierD,Brussels,Air Purifiers,DHL,97,106.14,5,5,None,2024-08-13,True,10295.58,0
ORD-0444,2024-03-06,SupplierB,Frankfurt,Coffee Machines,DSV,251,203.83,5,7,None,2024-03-13,False,51161.33,2
ORD-0445,2024-01-22,SupplierE,Frankfurt,Irons,DHL,351,226.92,7,7,None,2024-01-29,True,79648.92,0
ORD-0446,2024-06-06,SupplierB,Rotterdam,Irons,DB Schenker,102,62.82,10,9,None,2024-06-15,True,6407.64,0
ORD-0447,2024-07-05,SupplierD,Rotterdam,Kitchen Appliances,DHL,95,30.74,10,10,None,2024-07-15,True,2920.2999999999997,0
ORD-0448,2024-01-21,SupplierB,Frankfurt,Blenders,DB Schenker,53,221.18,7,10,None,2024-01-31,False,11722.54,3
ORD-0449,2024-07-02,SupplierB,Amsterdam,Coffee Machines,DB Schenker,146,106.51,5,7,Customs clearance,2024-07-09,False,15550.460000000001,2
ORD-0450,2024-04-17,SupplierD,Frankfurt,Air Purifiers,DB Schenker,430,142.31,3,3,None,2024-04-20,True,61193.3,0
ORD-0451,2024-12-15,SupplierB,Frankfurt,Irons,DSV,83,242.5,7,7,None,2024-12-22,True,20127.5,0
ORD-0452,2024-05-07,SupplierC,Rotterdam,Irons,DHL,45,30.64,5,5,None,2024-05-12,True,1378.8,0
ORD-0453,2024-12-07,SupplierC,Rotterdam,Coffee Machines,DHL,110,167.35,5,5,None,2024-12-12,True,18408.5,0
ORD-0454,2024-02-22,SupplierB,Frankfurt,Blenders,DSV,485,32.41,10,13,None,2024-03-06,False,15718.849999999999,3
ORD-0455,2024-06-30,SupplierE,Frankfurt,Irons,UPS,165,103.24,3,3,None,2024-07-03,True,17034.6,0
ORD-0456,2024-10-13,SupplierD,Frankfurt,Coffee Machines,FedEx,435,203.9,5,5,None,2024-10-18,True,88696.5,0
ORD-0457,2024-07-27,SupplierC,Rotterdam,Kitchen Appliances,DHL,264,116.87,3,3,None,2024-07-30,True,30853.68,0
ORD-0458,2024-11-13,SupplierE,Frankfurt,Blenders,FedEx,180,249.34,5,4,None,2024-11-17,True,44881.2,0
ORD-0459,2024-03-20,SupplierB,Frankfurt,Air Purifiers,DSV,478,146.38,3,3,None,2024-03-23,True,69969.64,0
ORD-0460,2024-05-01,SupplierE,Paris,Irons,UPS,225,90.47,3,4,None,2024-05-05,False,20355.75,1
ORD-0461,2024-03-24,SupplierA,Amsterdam,Coffee Machines,UPS,179,66.73,3,3,None,2024-03-27,True,11944.67,0
ORD-0462,2024-03-31,SupplierC,Brussels,Kitchen Appliances,UPS,261,97.37,7,7,None,2024-04-07,True,25413.57,0
ORD-0463,2024-07-30,SupplierB,Amsterdam,Air Purifiers,DSV,369,102.55,7,7,None,2024-08-06,True,37840.95,0
ORD-0464,2024-01-13,SupplierD,Paris,Coffee Machines,DB Schenker,331,31.15,5,5,None,2024-01-18,True,10310.65,0
ORD-0465,2024-04-01,SupplierB,Brussels,Coffee Machines,DB Schenker,64,101.85,10,10,None,2024-04-11,True,6518.4,0
ORD-0466,2024-06-19,SupplierD,Frankfurt,Air Purifiers,FedEx,465,124.1,5,5,None,2024-06-24,True,57706.5,0
ORD-0467,2024-07-29,SupplierB,Paris,Kitchen Appliances,DB Schenker,441,184.84,5,6,None,2024-08-04,False,81514.44,1
ORD-0468,2024-12-08,SupplierE,Frankfurt,Kitchen Appliances,DB Schenker,100,169.33,7,7,None,2024-12-15,True,16933.0,0
ORD-0469,2024-05-07,SupplierE,Rotterdam,Blenders,UPS,287,181.56,5,5,None,2024-05-12,True,52107.72,0
ORD-0470,2024-05-16,SupplierE,Paris,Irons,UPS,110,16.97,10,10,None,2024-05-26,True,1866.6999999999998,0
ORD-0471,2024-03-22,SupplierA,Rotterdam,Air Purifiers,FedEx,164,66.15,3,3,None,2024-03-25,True,10848.6,0
ORD-0472,2024-12-25,SupplierD,Paris,Air Purifiers,DHL,386,170.5,10,13,None,2025-01-07,False,65813.0,3
ORD-0473,2024-02-25,SupplierE,Paris,Air Purifiers,FedEx,358,128.74,3,4,Bad weather,2024-02-29,False,46088.920000000006,1
ORD-0474,2024-07-14,SupplierA,Rotterdam,Kitchen Appliances,FedEx,460,16.25,7,7,None,2024-07-21,True,7475.0,0
ORD-0475,2024-01-20,SupplierD,Brussels,Irons,DSV,373,204.06,5,4,None,2024-01-24,True,76114.38,0
ORD-0476,2024-08-28,SupplierB,Amsterdam,Blenders,DSV,150,196.61,10,10,None,2024-09-07,True,29491.500000000004,0
ORD-0477,2024-04-23,SupplierA,Frankfurt,Coffee Machines,FedEx,182,143.88,3,3,None,2024-04-26,True,26186.16,0
ORD-0478,2024-04-12,SupplierC,Paris,Coffee Machines,FedEx,19,30.62,5,5,None,2024-04-17,True,581.78,0
ORD-0479,2024-08-23,SupplierA,Frankfurt,Air Purifiers,FedEx,237,195.13,10,10,None,2024-09-02,True,46245.81,0
ORD-0480,2024-06-28,SupplierA,Rotterdam,Irons,DB Schenker,274,152.17,5,5,None,2024-07-03,True,41694.579999999994,0
ORD-0481,2024-06-05,SupplierD,Frankfurt,Kitchen Appliances,DSV,447,198.76,7,7,None,2024-06-12,True,88845.72,0
ORD-0482,2024-04-26,SupplierB,Rotterdam,Irons,FedEx,257,191.66,7,8,None,2024-05-04,False,49256.62,1
ORD-0483,2024-04-24,SupplierC,Frankfurt,Irons,UPS,256,203.71,5,5,None,2024-04-29,True,52149.76,0
ORD-0484,2024-01-13,SupplierE,Amsterdam,Kitchen Appliances,UPS,164,136.73,7,7,None,2024-01-20,True,22423.719999999998,0
ORD-0485,2024-12-03,SupplierE,Amsterdam,Air Purifiers,DB Schenker,43,47.98,5,6,Bad weather,2024-12-09,False,2063.14,1
ORD-0486,2024-04-08,SupplierA,Amsterdam,Irons,DB Schenker,138,172.72,10,10,None,2024-04-18,True,23835.36,0
ORD-0487,2024-07-23,SupplierD,Amsterdam,Coffee Machines,DHL,169,160.81,3,3,None,2024-07-26,True,27176.89,0
ORD-0488,2024-06-17,SupplierD,Amsterdam,Kitchen Appliances,DHL,98,189.43,5,5,None,2024-06-22,True,18564.14,0
ORD-0489,2024-05-22,SupplierE,Amsterdam,Blenders,DHL,102,54.92,10,10,None,2024-06-01,True,5601.84,0
ORD-0490,2024-02-05,SupplierC,Rotterdam,Air Purifiers,DB Schenker,336,60.82,7,9,None,2024-02-14,False,20435.52,2
ORD-0491,2024-05-22,SupplierB,Paris,Kitchen Appliances,DB Schenker,250,224.25,5,6,None,2024-05-28,False,56062.5,1
ORD-0492,2024-06-28,SupplierC,Frankfurt,Blenders,DB Schenker,332,191.24,7,7,None,2024-07-05,True,63491.68,0
ORD-0493,2024-11-24,SupplierB,Amsterdam,Blenders,UPS,477,228.43,5,5,None,2024-11-29,True,108961.11,0
ORD-0494,2024-09-17,SupplierE,Rotterdam,Irons,DB Schenker,413,193.3,3,3,None,2024-09-20,True,79832.90000000001,0
ORD-0495,2024-07-23,SupplierB,Rotterdam,Irons,UPS,126,155.33,5,5,None,2024-07-28,True,19571.58,0
ORD-0496,2024-12-13,SupplierD,Rotterdam,Irons,DHL,103,168.72,5,5,None,2024-12-18,True,17378.16,0
ORD-0497,2024-10-01,SupplierA,Paris,Kitchen Appliances,DHL,172,223.95,5,8,None,2024-10-09,False,38519.4,3
ORD-0498,2024-06-18,SupplierA,Frankfurt,Kitchen Appliances,DHL,108,151.02,3,3,None,2024-06-21,True,16310.160000000002,0
ORD-0499,2024-01-15,SupplierE,Paris,Air Purifiers,FedEx,122,163.61,10,13,Customs clearance,2024-01-28,False,19960.420000000002,3
ORD-0500,2024-02-29,SupplierD,Brussels,Irons,FedEx,368,51.77,10,10,None,2024-03-10,True,19051.36,0
